Sentiment,Text Tweet
positive,<USER_MENTION> #BOIKOT_<PROVIDER_NAME> Gunakan Produk Bangsa Sendiri <PROVIDER_NAME>
positive,"Saktinya balik lagi, alhamdulillah :v <PROVIDER_NAME>"
negative,Selamat pagi <PROVIDER_NAME>  bisa bantu kenapa di dalam kamar sinyal 4G hilang yang 1 lagi panggilan darurat saja  <URL>
negative,Dear <PROVIDER_NAME> akhir2 ini jaringan data lemot banget padahal H+ !!!!
negative,Selamat malam PENDUSTA <PROVIDER_NAME> 
negative,Untuk penembakan paket dari <PRODUCT_NAME> masih gangguan ya <PROVIDER_NAME>
positive,"<PROVIDER_NAME>  aku pakai <PROVIDER_NAME>, paket <PRODUCT_NAME> nya udah off tapi gantinya ada paket <PRODUCT_NAME> yg bisa gratisan youtube, senang banget <PROVIDER_NAME>"
negative,RT <USER_MENTION>: <PROVIDER_NAME> tak ada lagi dalam kamus perhapean saya. #Boikot<PROVIDER_NAME> <URL>
negative,keluhan gak ditanggapi. bikin emosi aja. pulsaku dicuri terus. soak deh. masa setiap hari pulsa berkurang 1500-2100 bisa 2-3*/hari
negative,#Bilboard iklan <PROVIDER_NAME> kok ada pesan tersembunyi? #Boikot<PROVIDER_NAME> #Ramadhan <URL>
negative,"<PROVIDER_NAME> mampus!!!!! bulan puasa, subuh2 mau sahur cek pulsa tersedot terus. dan sekarang sisa 30 ribu <PROVIDER_NAME> Tolong dibaca!!!"
negative,<USER_MENTION> Pernah coba pakai <PROVIDER_NAME> tapi parah koneksinya 
negative,"Setuju, <USER_MENTION> silahkan boikot saja pelanggan <PROVIDER_NAME> pendukung #HRS <URL>"
negative,"Dibela belain daftarin kartu 4G tunggu sejam siang2 sambil puasa, sampai rumah sinyal 4Gnya gak ada, adanya di kota!, <PROVIDER_NAME>"
negative,<PROVIDER_NAME> datanya kok sering hilang <PROVIDER_NAME>
negative,#internetlelet ÿ<PROVIDER_NAME> ga sesuai iklan 
positive,<PROVIDER_NAME> <PROVIDER_NAME> kangen nih dapat kiriman pos marchandes nya <PROVIDER_NAME> langsung dari pak pos nya 
negative,"yang katanya 150MBPS kecepatanya cuma 3kbps, kuota full. Ga bisa buka google? Udah bikin nguras uang dan baterai? <URL>"
negative,kuota #internet <PROVIDER_NAME> masih banyak tapi koneksi internetnya LAMBAT BANGET! #<PRODUCT_NAME> <PROVIDER_NAME> #4G #lte? <URL>
negative,Ampun... Sinyal 4G <PROVIDER_NAME> lemot seperti siput. Acara live streaming jadi terganggu. Mundur terus <PROVIDER_NAME>
negative,Jaringan <PROVIDER_NAME> di Nabire bagus? Itu hanya berita HOAX #HOAX <PROVIDER_NAME>
negative,Makin jelek jaringan di takalar <PROVIDER_NAME>
positive,Jadi stabil disini. <PROVIDER_NAME> <URL>
positive,#CUG <PROVIDER_NAME> #Community Sangat Cocok Buat Komunikasi Antar :. - Keluarga. - Rekan Bisnis / Kerja. - Sekolah / Kampus. - Hubungan Jarak.
negative,<PROVIDER_NAME> <PROVIDER_NAME> ini kualitas provider <PROVIDER_NAME> gangguan trouble mahal berhari2 #useless4g <URL>
negative,<PROVIDER_NAME> <PRODUCT_NAME> sinyalnya tai...
negative,Jaringan internet <PROVIDER_NAME> di sumba timur parah....
negative,"Dengan ajaib kuota hilang, usage diberikan bahkan bukti penggunaan tidak melebihi batas. <URL>"
negative,"Bertahun tahun pakai <PROVIDER_NAME>. Masa aktif sampai 2018 karena seringnya ""bayar"" untuk dapat pelayanan yang memuaskan"
negative,cepat banget data <PROVIDER_NAME> habis <URL>
negative,<USER_MENTION>: Apa gak kurang tolol namanya. <PROVIDER_NAME> provider gak ada urusan sama semua Chat App! 
negative,"mungkin <PROVIDER_NAME> benar, berarti tinggal #whatsappNotSave <URL>"
positive,"Hore,,, Akhirnya ada sinyal 4G <PROVIDER_NAME> di Sambu"
positive,Alhamdulilah dikunjungi para vendor mitra <PROVIDER_NAME> ke #klinikKUMSda? <URL>
negative,Terlambat ikut <PRODUCT_NAME>... Jelaslah jaringan <PROVIDER_NAME> lemot...
negative,"<PROVIDER_NAME> tega, Menyampaikan pesan kok suka telat,, bikin #BAPER"
negative,Jaringan 4G kecepatan 2G <PROVIDER_NAME>
negative,Paket extra combo kok lemot ya <PROVIDER_NAME>
negative,Kenapa! Masa buka Facebook aja gak bisa <PROVIDER_NAME>
negative,"Rugi isi kuota <PROVIDER_NAME> jaringannya busuk banget, dirugikan .."
negative,solidaritas perlu.. tapi perasaan lebih penting lagi dari solidaritas.  ngomong dong <PROVIDER_NAME>
positive,<PROVIDER_NAME> 1berbagi tanpa kuota 2 berbagai kapan saja <PROVIDER_NAME> bagi berkah <USER_MENTION>
positive,"<PROVIDER_NAME> bagi berkah 1video ngabuburit dengan anak, video sahur bersama keluarga, video pakai baju koko baru, <USER_MENTION>"
negative,Koneksi <PROVIDER_NAME> di daerah #sawojajar kota #malang seminggu ini lemot parah ? lagi gangguan kah? <PROVIDER_NAME>Care <PROVIDER_NAME>
positive,"Saya pakai <PROVIDER_NAME>, meski <PROVIDER_NAME> lebih greget dalam hal network and speed, setidaknya <PROVIDER_NAME> lebih irit buat anak kere seperti saya."
positive,#Boikot <PROVIDER_NAME> harusnya #boikot<PROVIDER_NAME> kartu mahal!. lebih bagus juga <PROVIDER_NAME>
positive,<PROVIDER_NAME> <PROVIDER_NAME> Berbagi berkah
negative,Baru isi kuota ... tapi baru 2 menit langsung habis kacau. <PROVIDER_NAME> <URL>
negative,Sinyalmu jelek banget sih akhir akhir ini <PROVIDER_NAME>
negative,#Boikot<PROVIDER_NAME> Pergerakan masif PKI dan antek2nya melalui iklan <PROVIDER_NAME>. Mari hancurkan PKI melalui #Boikot<PROVIDER_NAME>
positive,Alhamdulillah masih #setia dengan <PROVIDER_NAME>.. jangan menari di tabuhan gendang orang lain.. selamat isya dan tarawih... 
negative,"Aku kira diganti pulsaku. udah komplain sana sini, kok cuma php, <PROVIDER_NAME>"
negative,Sinyalmu kenapa <PROVIDER_NAME>
negative,<PROVIDER_NAME> musuh Ulama #Boikot<PROVIDER_NAME> <URL>
negative,RT <USER_MENTION>: sudah lama gak pakai <PROVIDER_NAME>
negative,Saya gak benci tapi kelakuan <USER_MENTION> yang bikin #Boikot<PROVIDER_NAME>  Pendukung #PKI coba kamu lihat iklan <PROVIDER_NAME> ada gambar palu arit
negative,RT <USER_MENTION>: <USER_MENTION> HT Nya #PuasPake<PROVIDER_NAME> Noh. aku pakek <PROVIDER_NAME> Gimana thu..?
negative,"<PROVIDER_NAME> bisa gak sih kuota 4G digabung saja sama 3G, sayang gak terpakai mubazir... Mubazir itu temennya setan lho!! <PROVIDER_NAME> "
positive,"Rejeki pejet2.., semoga ke depan dapat samsung J5..#<PRODUCT_NAME> <PROVIDER_NAME> Medan, Indonesia <URL>"
positive,Asik juga kencang begini ? <PROVIDER_NAME> <URL>
negative,Buat apa beli paket 4G jika jaringan internetnya masih Edge <PROVIDER_NAME> <PROVIDER_NAME>
negative,Bagaimana ini <PROVIDER_NAME> 4G tapi lemot
negative,Nelepon ke sesama <PROVIDER_NAME> pulsa 20.000 cuma cukup buat 23 menit? <PROVIDER_NAME> BANGSAT..............<PROVIDER_NAME>?<URL>
negative,Signal 4G <PROVIDER_NAME> bekasi kenapa? Gak bisa internetan sama sekali dari tadi subuh
negative,<PROVIDER_NAME> tarif Internet Super Kuota naik lagi. Negara lain internet makin murah kok <PROVIDER_NAME> makin mahal? 
negative,JARINGAN <PROVIDER_NAME> tidak ada SINYAL untuk wilayah Sindangkasih - ciamis <PROVIDER_NAME> 
positive,<PROVIDER_NAME> terimakasih <PROVIDER_NAME> akhirnya menang pointastic deal dari <PROVIDER_NAME> #PointasticDeal <PROVIDER_NAME> <URL>
negative,"<PROVIDER_NAME> kalo bukan karena nomer sudah lama, pasti sudah dibuang saja dari dulu. <PROVIDER_NAME>"
negative,<PROVIDER_NAME> jadi yang dizalimi bukan cuma saya ya? <PROVIDER_NAME> <URL>
positive,mantap ini. #4g #LTE <PROVIDER_NAME> <URL>
negative,Sinyal jelek! Komplain gak direspon! #Boikot<PROVIDER_NAME> <PROVIDER_NAME> <URL>
negative,"Alhamdulillah mulai hari, ini 2 kartu telpon dan 2 kartu internetan kami gak pakai <PROVIDER_NAME> lagi. #Boikot<PROVIDER_NAME>"
negative,#Boikot<PROVIDER_NAME> bentuk tekanan masyarakat agar perusahaan publik sekelas <PROVIDER_NAME> lebih berhati-hati ke depannya? <URL>
negative,<USER_MENTION> <USER_MENTION> <PROVIDER_NAME> Alhamdulillah saya gak pakai <PROVIDER_NAME> dari dulu #Boikot<PROVIDER_NAME> 
positive,Saya dulu memimpikan pakai <PROVIDER_NAME>.  Tapi sekarang gak mimpi lagi.  Setia saja sama <PROVIDER_NAME> walau mahal sedikit. Ikutan #Boikot<PROVIDER_NAME>
positive,"jauh sebelum ada aksi #Boikot<PROVIDER_NAME> saya tidak pakai <PROVIDER_NAME> lagi,  sebab <PROVIDER_NAME> masih lebih bagus maaf bukan iklan tapi kenyataan"
positive,<PROVIDER_NAME> yang terbaik ini peserta nya? <URL>
positive,RT <USER_MENTION>: Teman sehari hari. #<PROVIDER_NAME> <PROVIDER_NAME> #<PROVIDER_NAME> #telecommunications? <URL>
negative,<PROVIDER_NAME> jelek banget sinyalnya <PROVIDER_NAME>
positive,"Saya bisa ke Sydney karena program <PROVIDER_NAME> & itu GRATIS! ada 22 Mahasiswa. Belajar dn liburan, kalian para hacker intropeksi sana"
negative,Internet mahal turunkan harga paket <PROVIDER_NAME> 
positive,Selalu pakai <PROVIDER_NAME> belum pernah pakai <PROVIDER_NAME> dan merasakan <PROVIDER_NAME>lemot Meski <PROVIDER_NAME>mahal tapi dibarengi dengan kualitas
negative,"Webnya <PROVIDER_NAME> dibajak ya?  Cie dibajak. Semoga habis ini paket2, spam2 dan promo2nya makin subur.  <PROVIDER_NAME>"
positive,CS <PROVIDER_NAME> <PROVIDER_NAME> emang paling fast response sama keluhan konsumen. Beda dengan operator sebelah! #opinipenjualpulsa
positive,"Ini prinsip soalnya <PROVIDER_NAME> lebih murah dari <PROVIDER_NAME>, masalah sinyal disini Alhamdulillah kencang karena di kota besar kok"
positive,Terbaik Buat <PROVIDER_NAME> <PROVIDER_NAME>
positive,Kembali ke paketan <PROVIDER_NAME> <PROVIDER_NAME>
positive,<PROVIDER_NAME> Mantap di Sumedang <PROVIDER_NAME> 
negative,"<PROVIDER_NAME> semakin kesini semakin mahal, jaringannya 4G tapi lelet, pesan masukku penuh isinya pesan promo yang nyedot pulsa semua <PROVIDER_NAME>"
negative,Tolong dong kensinya di benerin di wilayah keramat jati. Kenapa lemot !!!! <PROVIDER_NAME> <PRODUCT_NAME> <PROVIDER_NAME>
negative,"Sinyal kami paling kuat KATANYA. internetku di jakarta lemot parah, 3g aja gak dapat. makin hari makin jadi ini provider <PROVIDER_NAME> <PROVIDER_NAME>"
negative,Keamanan <PROVIDER_NAME> dong yang harus ditingkatkan! Bikin rugi pelanggan aja..!! <URL>
negative,harga jual & jumlah per rupiah dari kilobyte internet... memang <PROVIDER_NAME> juara mahalnya sih tsel vs <PROVIDER_NAME> <PROVIDER_NAME> 
negative,<PROVIDER_NAME> <PROVIDER_NAME> kenapa jaringan 4g di sembungan bangunjiwo kasihan bantul sudah 3minggu sangat tidak stabil. kuota <PROVIDER_NAME> terbuang
negative,<PROVIDER_NAME> <PROVIDER_NAME> apakah setelah mendapat banyak customer sekarang 4G di Sembungan Bangunjiwo Jogja jadi gak stabil?
negative,Sinyal macam apa ini? Ping game aja segede itu. Sinyalnya seperti tai. <PROVIDER_NAME> 
positive,lebih baik <PROVIDER_NAME> 
negative,Malas banget yang 12Gb jadi 6Gb <PROVIDER_NAME> masalahnya harga sama mahalnya - jaringannya sama dan free YouTubenya gak terpakai jamnya hadeh
positive,Yang gratisan memang menyenangkan <PROVIDER_NAME> <PRODUCT_NAME> <PRODUCT_NAME> #kuotagratis <URL> 
positive,Pindah provider saja kali ya buat internetan #kuning lemot... Dengar dari teman si #biru lebih bagus <PROVIDER_NAME> <PROVIDER_NAME>
negative,"tolong lakukan reset di nomor saya  Jaringan lemah, memakan waktu lama untuk open page web #LEMOT #JARINGAN #LTE <PROVIDER_NAME> <PROVIDER_NAME>"
positive,<PROVIDER_NAME> <PROVIDER_NAME> yg semakin kekinian bikin keki.
positive,kecepatan internet di ciwidey segini...  mantap <PROVIDER_NAME> #4glte <USER_MENTION> <URL> ?
negative,"Jaringan 4g <PROVIDER_NAME> di cimahi kenapa yah,  kok lambat ?, sudah 4 hari ini.  Tapi kalo di kota bandung lancar jaya.. "
negative,"<PROVIDER_NAME> parah, cuma bisa di 3G <PROVIDER_NAME> <PROVIDER_NAME>"
negative,<PROVIDER_NAME> Koneksi 4G rasa GPRS <PROVIDER_NAME> 
negative,Kapan nih akses data di kecamatan cisewu kabupaten garut bisa 4G
negative,<PROVIDER_NAME> <PROVIDER_NAME>4GLTE <PROVIDER_NAME> #BOGOR #AREA  <URL> ? UDAH 3 BULAN TIDAK ADA TANGGAPAN YG JELAS 
negative,"tidak direkomendasikan, baru coba paket <PROVIDER_NAME> mingguan, tes pakai twitter 30menit pulsa terus berkurang, langsung unreg. <PROVIDER_NAME>"
positive,Nonton gratis dibayarin <PROVIDER_NAME> poin  <PROVIDER_NAME> <PROVIDER_NAME>poin 
positive,"Belum lama pakai <PROVIDER_NAME>, alhamdulillah selalu bermanfaat sinyalnya. #gsm #handphone <PROVIDER_NAME> #Simpati"
positive,Terimakasih <PROVIDER_NAME> <URL> 
positive,Makin mantap saja si <PROVIDER_NAME>. Sekali SMS tarifnya 300. 
positive,"alhamdulillah sudah beres pakai <PROVIDER_NAME> <PROVIDER_NAME>, daripada nunggu konfirmasi <PROVIDER_NAME> yg gak akan pernah datang. #janji? <URL>"
positive,<PROVIDER_NAME> terimakasih <PROVIDER_NAME> akhirnya menang <PRODUCT_NAME> dari <PROVIDER_NAME>  #<PRODUCT_NAME> <PROVIDER_NAME> 
positive,Asik juga kencang begini <PROVIDER_NAME> 
positive,Terimakasih ya <PROVIDER_NAME> gratis 4Gnya ayo buruan upgrade <PRODUCT_NAME>
positive,"Upload video 1GB kurang dari 4 menit, memang mantab ini kecepatan <PROVIDER_NAME>"
positive,Dapat bonus kuota 2GB dan 100 menit nelpon ke semua operator dari <PROVIDER_NAME>  <PROVIDER_NAME> <PRODUCT_NAME> <URL> 
positive,Kuota masih AMAN <PROVIDER_NAME> #capture #kuotaaman Di Kota Mamuju <URL> 
positive,Masih ada yang hemat <PROVIDER_NAME>
positive,Pakai paket <PRODUCT_NAME> <PROVIDER_NAME> irit.  <PROVIDER_NAME> <PROVIDER_NAME> <URL> 
positive,"dibuang sayang karena terlalu setia, lagipula nomernya bagus  <PROVIDER_NAME> <PROVIDER_NAME> <URL> "
positive,Baru merasakan segitu besarnya ping.. 36604 ribu lumayanlah buat bukber <PROVIDER_NAME> <PROVIDER_NAME>
positive,Itu yang pada nulis disertai hashtag <PROVIDER_NAME>Lemot hidupnya dimana sih? Saya di Ungaran sini kok pakai <PROVIDER_NAME> lancar2 aja tuh.
positive,Makanya pakai <PROVIDER_NAME> 60 ribu dapet 9giga. <PROVIDER_NAME> <PROVIDER_NAME>dihack <PROVIDER_NAME> <PROVIDER_NAME>mahal
positive,mending pindah ke <PROVIDER_NAME> aja <PROVIDER_NAME>
positive,"Saya pakai <PRODUCT_NAME> <PROVIDER_NAME> <PROVIDER_NAME> karena jelas, terjangkau .. pake <PROVIDER_NAME> <PROVIDER_NAME> <PROVIDER_NAME> gak jelas, mahal"
positive,"Siapa yang mau ditelpon, mumpung ada gratisan nih ...  <PROVIDER_NAME>"
positive,Tumben <PROVIDER_NAME> murah hati padaKu #onlyForU Jangan2 semua pelanggan diginikan.
positive,"Canggih nih, nambah hari malah nambah kuotanya . #kuota <PROVIDER_NAME> <PRODUCT_NAME> #4g <URL> "
positive,<PROVIDER_NAME> PENUH DENGAN BONUS <PROVIDER_NAME> 
positive,"Sinyal <PROVIDER_NAME> hebat, sampai puncak Halimun masih tetap on, mantap "
positive,Nelpon 1.000 Dapat kouta 1gb
positive,Makin betah aja sama kamu..  :v   #operator  :v <PROVIDER_NAME> 
positive,lumayan ini murah meriah <PROVIDER_NAME> 
positive,"WOW, Saya baru mendapatkan hadiah fantastis dari <PRODUCT_NAME>! <PRODUCT_NAME> membuat semuanya jadi simpel <URL>  <PROVIDER_NAME>"
positive,"Cuma Modal Isi Pulsa 10ribu dapet 2GB Gratis dari <PROVIDER_NAME> :v Tumben Lagi baik, semoga Promonya makin murah murah <PROVIDER_NAME> :D . . <PROVIDER_NAME>"
positive,Ajaib min <PROVIDER_NAME> kartu saya bisa diisi pulsa & digunakan kembali.. terimakasih ya <PROVIDER_NAME>
positive,Mantap deh <PROVIDER_NAME>. Cuma isi pulsa 25ribu dapat bonus paket data 3GB. Terimakasih juga <PROVIDER_NAME> atas pelayanannya. <PROVIDER_NAME> #mantapjiwa
positive,terimakasih paket data sudah aktif  dan normal. terimakasih <PROVIDER_NAME> cukup puas dengan pelayanannya. <PROVIDER_NAME> <PROVIDER_NAME>
positive,banyak Perusahaan melupakan hal ini & banyak konsumen menghapus pesan tanpa membacanya menyalahkan padahal sudah diingatkan thanks <PROVIDER_NAME> 
positive,Terima kasih <PROVIDER_NAME> !! <PROVIDER_NAME>
positive,Hore....<PROVIDER_NAME> Ada sinyal.....thanks <PROVIDER_NAME> .... <PROVIDER_NAME> 
positive,Alhamdulillah sambil nunggu subuh bisa melihat lantunan Adhan Styles dari Mekah dan Madinah dengan jelas karena paket Internet <PROVIDER_NAME> saya bagus
positive,"Dengan <PROVIDER_NAME> juga bisa lihat youtube selama setahun tanpa kuota, makin keren aja. "
positive,Dengan jaringan 4G super cepat dari <PROVIDER_NAME> smartphone kamu terus terkoneksi dan bisa pantau aktivitas di sosial media :
positive,Menggunakan medsos harus sebijak mungkin. Apalagi ada fasilitas makin oke kayak FB gratis 30MB & free YouTube/Yonder/Genflix dari <PROVIDER_NAME>
positive,"pagi itu, menyegarkan mata selain lari2 kecil, bisa juga dengan nikmatin internet, atau nelpon yang super murah, suara jernih pake <PROVIDER_NAME>. gitu!"
positive,"Buka puasa sambil streaming di YouTube lancar banget pake <PROVIDER_NAME>, jadi makin setia sama <PROVIDER_NAME>."
positive,Selain jaringan 4G <PROVIDER_NAME> yang sangat luas temanku juga bisa nelpon ke operator lain secara gratis & suaranya juga jernih banget
positive,Koneksi internet <PROVIDER_NAME> yg lancar sangat  membantu saya dalam menyelesaikan pekerjaaan di hari Jumat sebelum weekend.
negative,ayo penuhi viralkan keras #Boikot<PROVIDER_NAME>! Nomor sy nomer <PROVIDER_NAME> cantik dr th2007 lgsg sy buang!Jgn main2 dg umat Islam yg brsatu
negative,AYO BUANG KARTU <PROVIDER_NAME> ! #Ruh212 <URL>
negative,"Selama ini saya pake <PROVIDER_NAME>, Insya Allah setelah paket yang sekarang kuotanya habis saya akan ganti operator lain #Boikot<PROVIDER_NAME>"
negative,CEO <PROVIDER_NAME> harus bertanggung jawab. Sudah ada counter perdana HP berhenti jual perdana <PROVIDER_NAME> #Boikot<PROVIDER_NAME>
negative,Biar jadi pelajaran buat yang lain... Saya tidak akan pernah pakai produk <PROVIDER_NAME>!!! #Boikot<PROVIDER_NAME>
negative,"kenapa pada boikot <PROVIDER_NAME> ya #Boikot<PROVIDER_NAME> mungkin karena sering nyedot pulsa ga tau dipake apa, sms 1 bayar 1000 cuma buat bonus maksa"
positive,Lumayan #Speedtest Jaringan 4G/LTE <PROVIDER_NAME> Area Tarogong #Garut cukup memuaskan <PROVIDER_NAME> <URL>
negative,Uji kecepatan <PRODUCT_NAME> #opensignal-ku di <PROVIDER_NAME> 3G <PROVIDER_NAME> disini jelek
negative,Tolong di urus segera saya ga mau bayar data yang saya ga dapet datanya <PROVIDER_NAME> <PROVIDER_NAME>
positive,Nonton gratis dibayarin <PROVIDER_NAME> poin  <PROVIDER_NAME> <PROVIDER_NAME>poin #passengers?
positive,Makasih ya <PROVIDER_NAME> gratis 4Gnya ayo buruan upgrade <PRODUCT_NAME> mu
positive,Makan malam gratis hari ini hasil tuker <PROVIDER_NAME> Poin  #7eleven #sevel <PROVIDER_NAME>? <URL>
negative,"Mohon di up jaringan 4G di wilayah Morowali, sangat buruk..  <PROVIDER_NAME> <PROVIDER_NAME>"
negative,Jaringan <PROVIDER_NAME> di Waru Atas arae Site WKP tidak dapat digunakan untuk telpon mohon cek Team <PROVIDER_NAME> 
negative,Semakin hari kualitas dan pelayanannya semakin buruk. Selama 5 bulan melakukan pelaporan namun tidak ada tindakan perbaikan. <PROVIDER_NAME>
negative,<PROVIDER_NAME> tolong jaringan di MUARA KAMAN diperbaiki... BBM aja ga bisa ngakses...menyambungkan melulu... sudah 3 minggu lebih
negative,Uji kecepatan NYATA  di <PROVIDER_NAME> 3G <PROVIDER_NAME> disini jelek
negative,Tolong diurus segera saya ga mau bayar data yang saya ga dapat datanya <PROVIDER_NAME> <PROVIDER_NAME>
positive,Lumayan #Speedtest Jaringan 4G/LTE <PROVIDER_NAME> Area Tarogong #Garut cukup memuaskan <PROVIDER_NAME> <URL> 
positive,Terimakasih ya <PROVIDER_NAME> gratis 4Gnya ayo buruan upgrade <PRODUCT_NAME>
positive,Makan malam gratis hari ini hasil tukar <PROVIDER_NAME> Poin   <PROVIDER_NAME>? <URL>
negative,ayo viralkan keras #Boikot<PROVIDER_NAME>! Nomor saya nomer <PROVIDER_NAME> cantik dari tahun 2007 saya buang! Jangan main2 dengan umat Islam yang brsatu
negative,AYO BUANG KARTU <PROVIDER_NAME> ! #Ruh212 
negative,"Selama ini saya pakai <PROVIDER_NAME>, Insya Allah setelah paket yang sekarang kuotanya habis saya akan ganti operator lain #Boikot<PROVIDER_NAME> "
negative,"kenapa pada boikot <PROVIDER_NAME> ya #Boikot<PROVIDER_NAME> mungkin karena sering menyedot pulsa ga tau dipake apa, sms 1 bayar 1000 cuma buat bonus maksa"
positive,"Buka puasa sambil streaming di YouTube lancar banget pakai <PROVIDER_NAME>, jadi makin setia sama <PROVIDER_NAME>."
positive,Koneksi internet <PROVIDER_NAME> yang lancar sangat  membantu saya dalam menyelesaikan pekerjaaan di hari Jumat sebelum weekend.
negative,<PROVIDER_NAME> kamu kenapa sinyalnya php <PROVIDER_NAME>
negative,Koneksi internet yang sangat menjengkelkan. <PROVIDER_NAME>  #lemot 
positive,"<PROVIDER_NAME> Nelpon lebih murah pake JS, kurang dari Rp1/detik. <PROVIDER_NAME> <PRODUCT_NAME> <PRODUCT_NAME>"
positive,"Terima kasih PT <PROVIDER_NAME> , kiriman GRATIS <PROVIDER_NAME> Home-nya sudah tiba."
positive,Kualitas sinyal 4G <PROVIDER_NAME> ikut melengkapi meriahnya festival tersebut. 
positive,saya pindah ke <PROVIDER_NAME> yang memang sudah terbukti
negative,Ini sinyal H+ palsu. Seperti H+ rasa edge. <PROVIDER_NAME> <PROVIDER_NAME> 
negative,Pelanggan <PROVIDER_NAME> <PROVIDER_NAME> yg ada di area #Pandeglangkota dirugikan krn jaringan telponnya rusak dan tidak diperbaiki
negative, Hati-hati Tukang Tipu!! <PROVIDER_NAME>
negative,Sedih. Pakai <PROVIDER_NAME> 4G gak stabil.
negative,Jarigan <PROVIDER_NAME> lelet. Karena gangguan atau rusak ya
negative,"Daerah Jagakarsa, pakai <PROVIDER_NAME> sinyalnya jelek, yang satu H+ gak dapat 4G, yang satu dapat 4G tapi gak ada sinyal?"
negative,<PROVIDER_NAME> cacat
positive,Ini baru #koneksi #internet #4g <PROVIDER_NAME> <URL> 
positive,<PROVIDER_NAME> BagiBerkah ...gak ada kata susah ..cukup sekali sentuh jadi mudah dan berfaedah
negative,<PROVIDER_NAME> tumbang di kota Semarang
negative,Kuotaku masih banyak internetan aja gak bisa <PROVIDER_NAME> <PROVIDER_NAME>Care <PROVIDER_NAME> 
negative,Selalu Lemot <PROVIDER_NAME>
positive,<PROVIDER_NAME> BerbagiBerkah karena berbagi itu menyenangkan apalagi sama orang yang kita sayangi.
positive,Santai pakai <PROVIDER_NAME> <PROVIDER_NAME>4G <PROVIDER_NAME>BagiBerkah bisa diandalkan
positive,banyak yang masih setia memggunakan <PROVIDER_NAME>
positive,"Yang saya pengen <PROVIDER_NAME> selangkah lebih maju dari yang lain baik layanan ataupun jaringan 3G atau 4G,"
positive,Yuk pakai <PROVIDER_NAME> Rp1 gratis 1GB
positive,Lebaran tetap pakai <PROVIDER_NAME> yaa #Rp1 gratis 1GB
positive,sinyal 4G <PROVIDER_NAME> dipalembang lancar
positive,Keren di rembang ada sinyal 4G <PROVIDER_NAME>
positive,sinyal <PROVIDER_NAME> kuat banget
positive,4G <PROVIDER_NAME> dapat banget disini
positive,"Berkat <PROVIDER_NAME> mudiknya jd nyaman,mampir ke posko pun senang.."
positive,Terimakasih <PROVIDER_NAME>
positive,untungnya sudah pakai <PROVIDER_NAME>
positive,Alhamdulillah masih #setia dengan <PROVIDER_NAME>.. terbaik
positive,"<PROVIDER_NAME> memang jauh lebih murah dari <PROVIDER_NAME>, banyak bonusnya lagi"
negative,RT <USER_MENTION>: Buat <PROVIDER_NAME> setelah kuota habis saya mau ganti provider  
negative,<PROVIDER_NAME> memang jancok! sinyal payah
negative,saya paling tidak pernah pakai ÿ<PROVIDER_NAME>
negative,RT <USER_MENTION>: Belum ada permintaan maaf dan pernyataan apapun?  Lanjut boikot <PROVIDER_NAME> #Boikot<PROVIDER_NAME> <URL>
negative,<PROVIDER_NAME> masa kuota malam saya sudah habis duluan? Logikanya dimana? <URL>
negative,"RT <USER_MENTION>: <PROVIDER_NAME> ini <PROVIDER_NAME> di sini jaringan 4G nya penuh, cuma ga mau konek ke internet..."
positive,Sinyal 4g nya stabil nih. mantap <PROVIDER_NAME> <URL>
negative,"Fungsinya data lokal, 4G sama Flash apa? Toh mau 4G atau 3G yang terpakai duluan data lokalnya. mahal lagi. <PROVIDER_NAME>"
positive,"Hore, dapat makan malam gratis hari ini karena <PROVIDER_NAME> Poin  #7eleven #sevel <PROVIDER_NAME>? <URL>"
negative,"Wajar saja <PROVIDER_NAME> dihack, harga mahal banget dan koneksi lambat lagi <PROVIDER_NAME>mahal <PROVIDER_NAME> "
positive,*ganti* paket <PROVIDER_NAME>  5Gb langsung lancar dan #TransaksiNormal
negative,Selalu saja ada masalah #Indonesia <PROVIDER_NAME> #konsumen <USER_MENTION>
positive,Alhamdulillah gratisan youtube dari <PROVIDER_NAME> pada bulan Ramadhan ini berfaedah sekali.
negative,<PROVIDER_NAME> KENAPA. sinyal hilang mulu
negative,Data yang sama sekali tidak ada manfaatnya.  <PROVIDER_NAME> <URL> ?
negative,<PROVIDER_NAME> goblok banget sih sekarang <PROVIDER_NAME> #jadimurahan 
negative,Padahal udah settingan 3G tapi kenapa kuota 3G tidak bisa dipakai malah menguras pulsa yaa? #Tanya <PROVIDER_NAME>
negative,Sudah mahal sinyalnya jelek lagi... <PROVIDER_NAME> bangsat anjing...
negative,Jeleknya jaringan internet.ÿ<PROVIDER_NAME>
negative,Cuma di area Pandeglang kota.. jaringan <PROVIDER_NAME> buruk jelek. Kejadian ini sudah berlangsung sebulan lamanya. <PROVIDER_NAME>Care <PROVIDER_NAME>payah <PROVIDER_NAME> harus dihack
negative,"benar2 kacau. Baru isi kuota, datanya langsung habis. <PROVIDER_NAME> "
positive,<PROVIDER_NAME> ayo kamu bisa
positive,Mending ngopi nyantai sambil dengar musik klasik di youtube gratis dari jaringan <PROVIDER_NAME> yang keren
positive,ada banyak fitur  dari Kartu Perdana <PROVIDER_NAME> yg udah 4.5G <PROVIDER_NAME>Youtube1tahun <PROVIDER_NAME>_Jabo <USER_MENTION>
positive,"Hari minggu masuk kerja tapi gak ada yang dikerjain, ujung2nya mencari lapak terus rebahan sambil denger musik di youtube. <PROVIDER_NAME> top deh"
positive,Sekarang enak belanja online. Sinyal kuat dan kencang pakai <PROVIDER_NAME>. 
positive,Mantap! Paket <PRODUCT_NAME> dari <PROVIDER_NAME> bikin mupeng. Banyak <PRODUCT_NAME>nya! 
positive,Selain bonus THR dapat bonus dari <PROVIDER_NAME> yang begini nih yang bikin hati senang juga.. 
positive,"Pagi ini saya sahur di Purwakarta, dan disini sinyal <PROVIDER_NAME> nya bagus banget"
positive,"Astaga udah sore aja. Keasyikan main hape. Sinyal lancar, hebat emang <PROVIDER_NAME>"
positive,"Kadang, saya juga cari referensi di youtube yang merupakan gudang informasi keren. <PROVIDER_NAME> youtube an tanpa kuota bisa streaming lancar"
positive,belajar mengedit video di youtube jadi enak dan cepat paham kalo jaringan <PROVIDER_NAME> lancar dan kencang begini.
positive,"Tethering pakai kartu <PROVIDER_NAME> sinyalnya kencang badai, apalagi kalau lagi browsing"" mencari bahan artikel. Dijamin lancar."
negative,Saya tidak akan pernah pakai produk <PROVIDER_NAME>!!! boikot <PROVIDER_NAME> #Boikot<PROVIDER_NAME>
negative,Ayo yang masih pakai kartu <PROVIDER_NAME> Segera buang ke Got ya
negative,#Boikot<PROVIDER_NAME>..saatnya hijrah ke ..selamat tinggal <PROVIDER_NAME>..
positive,Alhamdulillah Kuota <PROVIDER_NAME> banyak yang murah
negative,"Sudah tarifnya paling mahal, ditambah jaringan yang semakin hari semakin susah! <PROVIDER_NAME> mengesalkan banget "
negative,"<PROVIDER_NAME> Pulsanya masih ada, TM masih banyak, mau nelpon ke sesama simpati katanya pulsa gak cukup, kampret ini <PROVIDER_NAME> "
positive,Tiba-tiba ada sinyal 4g di rumahku.  Biasanya gak ada.. lancar juga. <PROVIDER_NAME>
negative,"Tadinya berharap paling bagus untuk kerja online,Ternyata internetnya tidak seSimpati namanya <PROVIDER_NAME> <URL>"
negative,Jaringan internet <PROVIDER_NAME> di sumba timur parah....
negative,Kualitas jaringan <PROVIDER_NAME> sangat menurun di wilayah Sukabumi.
negative,Ternyata tidak cuma saya yang mengeluh karena sinyal atau pelayanan <PROVIDER_NAME> dalam jaringan internet masih kurang
negative,"Sudah tengah malam, jaringan kok masih super lelet <PROVIDER_NAME> gak berkualitas"
negative,Sinyal <PROVIDER_NAME> yang sangat menyedihkan
negative,<PROVIDER_NAME> makin bangsat kalau dibiarin
negative,<PROVIDER_NAME> memang bangsat gemas duh
negative,Signal <PROVIDER_NAME> Mentari makin lama makin memprihatinkan. Saatnya memikirkan untuk ganti kartu. Kecewa <PROVIDER_NAME>
negative,<PROVIDER_NAME> apakah <PROVIDER_NAME> lagi gangguan di daerah kramat jati? Sumpah sudah lelet banget padahal sudah 4g 
negative,"<PROVIDER_NAME> kenapa <PROVIDER_NAME> super lelet? 4g tp kecepatan 0,1 1 kb/s. gangguan atau gimana sih? "
negative,tai <PROVIDER_NAME>
negative,"Ya allah. Kalau hujan sinyal <PROVIDER_NAME> kaya lagunya Kotak ""Pelan Pelan Saja"""
negative,bikin kelar <PROVIDER_NAME> 
negative,<PROVIDER_NAME> Hooq sangat tidak bermanfaat. Beli kuota bisa menonton di youtube gak perlu Hooq #rugi <PRODUCT_NAME> #kuota <PROVIDER_NAME> 
negative,<PROVIDER_NAME>  Di daerahku udah 3 hari  trouble mulu
negative,"sisa 2 hari kuota <PROVIDER_NAME> <PROVIDER_NAME> tapi sudah dibilang habis, gimana ini!"
negative,Jaringan simpati anjir banget akhir2 ini. <PROVIDER_NAME>
negative,Dan terjadi lagi <PROVIDER_NAME> tai
positive,Untung pakai <PROVIDER_NAME> walaupun jauh dari rumah tapi Alhamdulillah semua urusan beres.
negative,jaringan <PROVIDER_NAME> flash untuk daerah aceh singkil kok gak stabil <PROVIDER_NAME>
negative,<PROVIDER_NAME> tarif mahal dengan sinyal parah.
negative,"Jadi, sudah seminggu ini saya digangguin sama bunyi SMS dari <PROVIDER_NAME>. Ada promo, katanya.? <URL> "
negative,Oh jariangan kenapa <PROVIDER_NAME>
negative,Tiap jam 12 malam ke atas hancur koneksinya <PROVIDER_NAME>
negative,Sedih saya kalau beli paket internet <PROVIDER_NAME>
positive,Hobi ngecek <PRODUCT_NAME> kali aja ada promo kuota internet buat penguna setia <PROVIDER_NAME> ternyata ada. Alhamdulillah rejeki anak biasa
negative,<PROVIDER_NAME> setelah dihack malah tambah mahal
negative,Jaringan lelet <PROVIDER_NAME>
negative,<PROVIDER_NAME> lagi gangguan ya??
negative,<PROVIDER_NAME> hancur jaringannya
negative,Setiap isi pulsa belum dipakai pasti hilang mohon pejelasannya buat <PROVIDER_NAME>
negative,<PROVIDER_NAME> memang bikin sebal 
negative,4G LTE <PROVIDER_NAME> sedang bermasalah
negative,<PROVIDER_NAME> luar biasa parah 2 hari cuma buang2 kuota... payah <PROVIDER_NAME> <PROVIDER_NAME> <PROVIDER_NAME>
positive,koneksinya makin lancar pakai <PROVIDER_NAME> 
positive,pakai sinyal <PROVIDER_NAME> lancar. <PROVIDER_NAME> memang yess!! 
positive,"Data-data kerja jadi lebih cepat dicari kalau internetnya pakai <PROVIDER_NAME>,"
positive,"<PROVIDER_NAME> memang juara, dari tadi nonton Youtube kuota masih full aja XD"
positive,Kenikmatan yang bisa didapatkan saat menjadi pengguna <PROVIDER_NAME> adalah menonton youtube gratis selama setahun
positive,Upload file yang besar juga sangat mudah dengan <PROVIDER_NAME>. Karena jaringan internetnya sangat cepat. Alhamdulillah
positive,"Untungnya pake <PROVIDER_NAME>, pekerjaan gua lancar :))"
positive,Siang ini nyoba bonus telpon pakai kartu <PROVIDER_NAME> baru. Aman lancar jaya suaranya meski cuaca hujan.
positive,"Pantesan lancar ya, sinyal <PROVIDER_NAME> yang 4G lancar sekali di lombok timur"
positive,Alhamdulillah lancar pakai <PROVIDER_NAME>
positive,"Untung pakai internet <PROVIDER_NAME>, lancar, jadi dapat banyak ide."
positive,"di tempat ramai seperti di lokasi wisata, <PROVIDER_NAME> tetap jaya."
negative,Sinyal <PROVIDER_NAME> amsyong d stadion gajayana
